[
  {
    "character_name": "Luke Skywalker",
    "person_name": "Mark Hamill",
    "gender": "Male"
  },
  {
    "character_name": "Han Solo",
    "person_name": "Harrison Ford",
    "gender": "Male"
  },
  {
    "character_name": "Princess Leia Organa",
    "person_name": "Carrie Fisher",
    "gender": "Female"
  },
  {
    "character_name": "Grand Moff Tarkin",
    "person_name": "Peter Cushing",
    "gender": "Male"
  },
  {
    "character_name": "Obi-Wan Ben Kenobi",
    "person_name": "Alec Guinness",
    "gender": "Male"
  },
  {
    "character_name": "See Threepio (C-3PO)",
    "person_name": "Anthony Daniels",
    "gender": "Male"
  },
  {
    "character_name": "Artoo-Detoo (R2-D2)",
    "person_name": "Kenny Baker",
    "gender": "Male"
  },
  {
    "character_name": "Chewbacca",
    "person_name": "Peter Mayhew",
    "gender": "Male"
  },
  {
    "character_name": "Darth Vader",
    "person_name": "David Prowse",
    "gender": "Male"
  },
  {
    "character_name": "Voice of Darth Vader (voice)",
    "person_name": "James Earl Jones",
    "gender": "Unspecified"
  },
  {
    "character_name": "Uncle Owen",
    "person_name": "Phil Brown",
    "gender": "Male"
  },
  {
    "character_name": "Aunt Beru",
    "person_name": "Shelagh Fraser",
    "gender": "Female"
  },
  {
    "character_name": "Chief Jawa",
    "person_name": "Jack Purvis",
    "gender": "Male"
  },
  {
    "character_name": "General Willard",
    "person_name": "Eddie Byrne",
    "gender": "Male"
  },
  {
    "character_name": "Red Two (Wedge)",
    "person_name": "Denis Lawson",
    "gender": "Male"
  },
  {
    "character_name": "Red Three (Biggs)",
    "person_name": "Garrick Hagon",
    "gender": "Male"
  },
  {
    "character_name": "General Taggi",
    "person_name": "Don Henderson",
    "gender": "Male"
  },
  {
    "character_name": "Commander #1",
    "person_name": "Leslie Schofield",
    "gender": "Male"
  },
  {
    "character_name": "General Motti",
    "person_name": "Richard LeParmentier",
    "gender": "Male"
  },
  {
    "character_name": "Stormtrooper",
    "person_name": "Michael Leader",
    "gender": "Male"
  },
  {
    "character_name": "General Dodonna",
    "person_name": "Alex McCrindle",
    "gender": "Male"
  },
  {
    "character_name": "Red Leader",
    "person_name": "Drewe Henley",
    "gender": "Male"
  },
  {
    "character_name": "Red Four (John D)",
    "person_name": "Jack Klaff",
    "gender": "Male"
  },
  {
    "character_name": "Red Six (Porkins)",
    "person_name": "William Hootkins",
    "gender": "Male"
  },
  {
    "character_name": "Gold Leader",
    "person_name": "Angus MacInnes",
    "gender": "Male"
  },
  {
    "character_name": "Gold Two",
    "person_name": "Jeremy Sinden",
    "gender": "Male"
  },
  {
    "character_name": "Gold Five",
    "person_name": "Graham Ashley",
    "gender": "Male"
  },
  {
    "character_name": "Red Two (voice) (uncredited)",
    "person_name": "David Ankrum",
    "gender": "Male"
  },
  {
    "character_name": "Boba Fett (special edition) (uncredited)",
    "person_name": "Mark Austin",
    "gender": "Male"
  },
  {
    "character_name": "Stormtrooper (voice) (uncredited)",
    "person_name": "Scott Beach",
    "gender": "Male"
  },
  {
    "character_name": "Stormtrooper (uncredited)",
    "person_name": "Lightning Bear",
    "gender": "Male"
  },
  {
    "character_name": "Cantina Alien (uncredited)",
    "person_name": "Jon Berg",
    "gender": "Male"
  },
  {
    "character_name": "Cantina Alien (uncredited)",
    "person_name": "Doug Beswick",
    "gender": "Unspecified"
  },
  {
    "character_name": "Greedo (uncredited)",
    "person_name": "Paul Blake",
    "gender": "Male"
  },
  {
    "character_name": "Nabrun Leids (uncredited)",
    "person_name": "Janice Burchette",
    "gender": "Unspecified"
  },
  {
    "character_name": "Wuher (uncredited)",
    "person_name": "Ted Burnett",
    "gender": "Male"
  },
  {
    "character_name": "Drifter (Red 12) (uncredited)",
    "person_name": "John Chapman",
    "gender": "Male"
  },
  {
    "character_name": "Cantina Patron (uncredited)",
    "person_name": "Gilda Cohen",
    "gender": "Male"
  },
  {
    "character_name": "Stormtrooper (uncredited)",
    "person_name": "Tim Condren",
    "gender": "Male"
  },
  {
    "character_name": "Wioslea (uncredited)",
    "person_name": "Barry Copping",
    "gender": "Unspecified"
  },
  {
    "character_name": "Dr. Evazan (uncredited)",
    "person_name": "Alfie Curtis",
    "gender": "Male"
  },
  {
    "character_name": "Cantina Patron (uncredited)",
    "person_name": "Robert Davies",
    "gender": "Unspecified"
  },
  {
    "character_name": "Greedo (uncredited)",
    "person_name": "Maria De Aragon",
    "gender": "Female"
  },
  {
    "character_name": "Hrchek Kal Fas (uncredited)",
    "person_name": "Robert A. Denham",
    "gender": "Unspecified"
  },
  {
    "character_name": "Jawa (uncredited)",
    "person_name": "Frazer Diamond",
    "gender": "Unspecified"
  },
  {
    "character_name": "Stormtrooper / Tusken Raider / Death Star Trooper / Garouf Lafoe (uncredited)",
    "person_name": "Peter Diamond",
    "gender": "Male"
  },
  {
    "character_name": "Jawa (uncredited)",
    "person_name": "Warwick Diamond",
    "gender": "Unspecified"
  },
  {
    "character_name": "Garindan (uncredited)",
    "person_name": "Sadie Eden",
    "gender": "Unspecified"
  },
  {
    "character_name": "Djas Puhr (uncredited)",
    "person_name": "Kim Falkinburg",
    "gender": "Unspecified"
  },
  {
    "character_name": "Death Star Trooper (uncredited)",
    "person_name": "Harry Fielder",
    "gender": "Male"
  },
  {
    "character_name": "Stormtrooper with Binoculars (uncredited)",
    "person_name": "Ted Gagliano",
    "gender": "Unspecified"
  },
  {
    "character_name": "Cantina Patron (uncredited)",
    "person_name": "Salo Gardner",
    "gender": "Unspecified"
  },
  {
    "character_name": "Death Star Trooper (uncredited)",
    "person_name": "Steve Gawley",
    "gender": "Unspecified"
  },
  {
    "character_name": "Kabe (uncredited)",
    "person_name": "Barry Gnome",
    "gender": "Unspecified"
  },
  {
    "character_name": "Kabe / Jawa / GONK Droid (uncredited)",
    "person_name": "Rusty Goffe",
    "gender": "Unspecified"
  },
  {
    "character_name": "Cantina Patron (uncredited)",
    "person_name": "Isaac Grand",
    "gender": "Unspecified"
  },
  {
    "character_name": "Stormtrooper (special edition) (uncredited)",
    "person_name": "Nelson Hall",
    "gender": "Unspecified"
  },
  {
    "character_name": "Stormtrooper (uncredited)",
    "person_name": "Reg Harding",
    "gender": "Unspecified"
  },
  {
    "character_name": "Leia's Rebel Escort (uncredited)",
    "person_name": "Alan Harris",
    "gender": "Male"
  },
  {
    "character_name": "Stormtrooper (uncredited)",
    "person_name": "Frank Henson",
    "gender": "Unspecified"
  },
  {
    "character_name": "Brea Tonnika (uncredited)",
    "person_name": "Christine Hewett",
    "gender": "Unspecified"
  },
  {
    "character_name": "Stormtrooper (uncredited)",
    "person_name": "Arthur Howell",
    "gender": "Unspecified"
  },
  {
    "character_name": "Ponda Baba (uncredited)",
    "person_name": "Tommy Ilsley",
    "gender": "Unspecified"
  },
  {
    "character_name": "Death Star Trooper (uncredited)",
    "person_name": "Joe Johnston",
    "gender": "Male"
  },
  {
    "character_name": "Mosep (uncredited)",
    "person_name": "Annette Jones",
    "gender": "Unspecified"
  },
  {
    "character_name": "Chall Bekan (uncredited)",
    "person_name": "Linda Jones",
    "gender": "Unspecified"
  },
  {
    "character_name": "Solomohal (uncredited)",
    "person_name": "Joe Kaye",
    "gender": "Unspecified"
  },
  {
    "character_name": "Stormtrooper (voice) (uncredited)",
    "person_name": "Colin Michael Kitchens",
    "gender": "Unspecified"
  },
  {
    "character_name": "Jawa (uncredited)",
    "person_name": "Melissa Kurtz",
    "gender": "Unspecified"
  },
  {
    "character_name": "Jawa (uncredited)",
    "person_name": "Tiffany L. Kurtz",
    "gender": "Unspecified"
  },
  {
    "character_name": "Daine Jir (uncredited)",
    "person_name": "Al Lampert",
    "gender": "Unspecified"
  },
  {
    "character_name": "BoShek (uncredited)",
    "person_name": "Anthony Lang",
    "gender": "Unspecified"
  },
  {
    "character_name": "Muftak / Cantina Band Member (uncredited)",
    "person_name": "Laine Liska",
    "gender": "Unspecified"
  },
  {
    "character_name": "Temple Guard / Medal Bearer (uncredited)",
    "person_name": "Derek Lyons",
    "gender": "Male"
  },
  {
    "character_name": "Jawa (uncredited)",
    "person_name": "Mahjoub",
    "gender": "Unspecified"
  },
  {
    "character_name": "Takeel (uncredited)",
    "person_name": "Alf Mangan",
    "gender": "Unspecified"
  },
  {
    "character_name": "Stormtrooper (special edition) (uncredited)",
    "person_name": "Rick McCallum",
    "gender": "Unspecified"
  },
  {
    "character_name": "Death Star Gunner (uncredited)",
    "person_name": "Grant McCune",
    "gender": "Unspecified"
  },
  {
    "character_name": "Cantina Patron (uncredited)",
    "person_name": "Geoffrey Moon",
    "gender": "Unspecified"
  },
  {
    "character_name": "Swilla Corey (uncredited)",
    "person_name": "Mandy Morton",
    "gender": "Unspecified"
  },
  {
    "character_name": "Massassi Base Rebel Scout (uncredited)",
    "person_name": "Lorne Peterson",
    "gender": "Unspecified"
  },
  {
    "character_name": "Rycar Ryjerd (uncredited)",
    "person_name": "Marcus Powell",
    "gender": "Unspecified"
  },
  {
    "character_name": "InCom Engineer (uncredited)",
    "person_name": "Shane Rimmer",
    "gender": "Male"
  },
  {
    "character_name": "Leesub Sirln (uncredited)",
    "person_name": "Pam Rose",
    "gender": "Unspecified"
  },
  {
    "character_name": "Cmdr. Praji (Imperial Officer #2 on rebel ship) (uncredited)",
    "person_name": "George Roubicek",
    "gender": "Male"
  },
  {
    "character_name": "Tawss Khaa (uncredited)",
    "person_name": "Erica Simmons",
    "gender": "Unspecified"
  },
  {
    "character_name": "Senni Tonnika (uncredited)",
    "person_name": "Angela Staines",
    "gender": "Unspecified"
  },
  {
    "character_name": "Cantina Patron (uncredited)",
    "person_name": "George Stock",
    "gender": "Unspecified"
  },
  {
    "character_name": "Cantina Patron (uncredited)",
    "person_name": "Roy Straite",
    "gender": "Unspecified"
  },
  {
    "character_name": "Sai'torr Kal Fas (uncredited)",
    "person_name": "Peter Sturgeon",
    "gender": "Unspecified"
  },
  {
    "character_name": "Lt. Pol Treidum (uncredited)",
    "person_name": "Peter Sumner",
    "gender": "Unspecified"
  },
  {
    "character_name": "Cantina Voices (voice) (uncredited)",
    "person_name": "John Sylla",
    "gender": "Unspecified"
  },
  {
    "character_name": "Massassi Outpost Announcer / Various Voices (voice) (uncredited)",
    "person_name": "Tom Sylla",
    "gender": "Unspecified"
  },
  {
    "character_name": "Lt. Shann Childsen (uncredited)",
    "person_name": "Malcolm Tierney",
    "gender": "Male"
  },
  {
    "character_name": "Cantina Alien (uncredited)",
    "person_name": "Phil Tippett",
    "gender": "Male"
  },
  {
    "character_name": "Del Goren (uncredited)",
    "person_name": "Burnell Tucker",
    "gender": "Unspecified"
  },
  {
    "character_name": "Stormtrooper (voice) (uncredited)",
    "person_name": "Morgan Upton",
    "gender": "Unspecified"
  },
  {
    "character_name": "Stormtrooper (voice) (uncredited)",
    "person_name": "Jerry Walter",
    "gender": "Unspecified"
  },
  {
    "character_name": "Jawa (uncredited)",
    "person_name": "Hal Wamsley",
    "gender": "Unspecified"
  },
  {
    "character_name": "Greedo (voice) (uncredited)",
    "person_name": "Larry Ward",
    "gender": "Male"
  },
  {
    "character_name": "Thuku (uncredited)",
    "person_name": "Diana Sadley Way",
    "gender": "Unspecified"
  },
  {
    "character_name": "Ketwol / Melas (uncredited)",
    "person_name": "Harold Weed",
    "gender": "Unspecified"
  },
  {
    "character_name": "Stormtrooper (uncredited)",
    "person_name": "Bill Weston",
    "gender": "Male"
  },
  {
    "character_name": "Mos Eisley Citizen (special edition) (uncredited)",
    "person_name": "Steve 'Spaz' Williams",
    "gender": "Unspecified"
  },
  {
    "character_name": "Cantina Patron (uncredited)",
    "person_name": "Fred Wood",
    "gender": "Unspecified"
  },
  {
    "character_name": "Rebel Pilot (uncredited)",
    "person_name": "Colin Higgins",
    "gender": "Unspecified"
  }
]
